Step,Action,Reward,New State,Total Reward
0,0,-1,"(0, 1)",-1
1,0,-1,"(0, 2)",-2
2,0,-1,"(0, 3)",-3
3,0,-1,"(0, 4)",-4
4,0,-1,"(0, 5)",-5
5,0,-1,"(0, 6)",-6
6,0,-1,"(0, 7)",-7
7,0,-1,"(0, 8)",-8
8,0,-1,"(0, 9)",-9
9,2,-1,"(1, 9)",-10
10,2,-1,"(2, 9)",-11
11,2,-1,"(3, 9)",-12
12,2,-1,"(4, 9)",-13
13,3,-1,"(3, 9)",-14
14,2,-1,"(4, 9)",-15
15,0,-1,"(4, 10)",-16
16,1,-1,"(4, 9)",-17
Step,Action,Reward,New State,Total Reward
0,0,-1,"(0, 1)",-1
1,0,-1,"(0, 2)",-2
2,0,-1,"(0, 3)",-3
3,0,-1,"(0, 4)",-4
4,0,-1,"(0, 5)",-5
5,0,-1,"(0, 6)",-6
6,0,-1,"(0, 7)",-7
7,0,-1,"(0, 8)",-8
8,0,-1,"(0, 9)",-9
9,2,-1,"(1, 9)",-10
10,2,-1,"(2, 9)",-11
11,2,-1,"(3, 9)",-12
12,2,-1,"(4, 9)",-13
13,0,-1,"(4, 10)",-14
14,2,-1,"(5, 10)",-15
15,2,-1,"(6, 10)",-16
16,1,-1,"(6, 9)",-17
17,1,-1,"(6, 8)",-18
18,0,-1,"(6, 9)",-19
19,3,-1,"(5, 9)",-20
20,3,-1,"(4, 9)",-21
21,2,-1,"(5, 9)",-22
22,1,-1,"(5, 8)",-23
23,0,-1,"(5, 9)",-24
24,2,-1,"(6, 9)",-25
25,0,-1,"(6, 10)",-26
26,0,-1,"(6, 11)",-27
27,3,-1,"(5, 11)",-28
28,3,-1,"(4, 11)",-29
29,2,-1,"(5, 11)",-30
30,3,-1,"(4, 11)",-31
31,0,-1,"(4, 12)",-32
32,2,-1,"(5, 12)",-33
33,2,-1,"(6, 12)",-34
34,3,-1,"(5, 12)",-35
35,2,-1,"(6, 12)",-36
36,1,-1,"(6, 11)",-37
37,1,-1,"(6, 10)",-38
38,3,-1,"(5, 10)",-39
39,1,-1,"(5, 9)",-40
40,2,-1,"(6, 9)",-41
41,0,-1,"(6, 10)",-42
42,2,-1,"(7, 10)",-43
43,3,-1,"(6, 10)",-44
44,3,-1,"(5, 10)",-45
45,1,-1,"(5, 9)",-46
46,1,-1,"(5, 8)",-47
47,0,-1,"(5, 9)",-48
48,2,-1,"(6, 9)",-49
49,3,-1,"(5, 9)",-50
50,1,-1,"(5, 8)",-51
51,0,-1,"(5, 9)",-52
52,2,-1,"(6, 9)",-53
53,0,-1,"(6, 10)",-54
54,2,-1,"(7, 10)",-55
55,0,-1,"(7, 11)",-56
56,1,-1,"(7, 10)",-57
57,0,-1,"(7, 11)",-58
58,3,-1,"(6, 11)",-59
59,2,-1,"(7, 11)",-60
60,0,-1,"(7, 12)",-61
61,1,-1,"(7, 11)",-62
62,3,-1,"(6, 11)",-63
63,1,-1,"(6, 10)",-64
64,3,-1,"(5, 10)",-65
65,3,-1,"(4, 10)",-66
66,0,-1,"(4, 11)",-67
67,3,-1,"(3, 11)",-68
68,2,-1,"(4, 11)",-69
69,1,-1,"(4, 10)",-70
70,1,-1,"(4, 9)",-71
71,0,-1,"(4, 10)",-72
72,2,-1,"(5, 10)",-73
73,3,-1,"(4, 10)",-74
74,1,-1,"(4, 9)",-75
Step,Action,Reward,New State,Total Reward
0,0,-1,"(0, 1)",-1
1,0,-1,"(0, 2)",-2
2,0,-1,"(0, 3)",-3
3,0,-1,"(0, 4)",-4
4,0,-1,"(0, 5)",-5
5,0,-1,"(0, 6)",-6
6,0,-1,"(0, 7)",-7
7,0,-1,"(0, 8)",-8
8,0,-1,"(0, 9)",-9
9,2,-1,"(1, 9)",-10
10,2,-1,"(2, 9)",-11
11,2,-1,"(3, 9)",-12
12,2,-1,"(4, 9)",-13
13,2,-1,"(5, 9)",-14
14,2,-1,"(6, 9)",-15
15,3,-1,"(5, 9)",-16
16,2,-1,"(6, 9)",-17
17,3,-1,"(5, 9)",-18
18,0,-1,"(5, 10)",-19
19,1,-1,"(5, 9)",-20
20,2,-1,"(6, 9)",-21
21,2,-1,"(7, 9)",-22
22,3,-1,"(6, 9)",-23
23,3,-1,"(5, 9)",-24
24,2,-1,"(6, 9)",-25
25,3,-1,"(5, 9)",-26
26,3,-1,"(4, 9)",-27
Step,Action,Reward,New State,Total Reward
0,0,-1,"(0, 1)",-1
1,0,-1,"(0, 2)",-2
2,0,-1,"(0, 3)",-3
3,0,-1,"(0, 4)",-4
4,0,-1,"(0, 5)",-5
5,0,-1,"(0, 6)",-6
6,0,-1,"(0, 7)",-7
7,0,-1,"(0, 8)",-8
8,0,-1,"(0, 9)",-9
9,2,-1,"(1, 9)",-10
10,2,-1,"(2, 9)",-11
11,2,-1,"(3, 9)",-12
12,2,-1,"(4, 9)",-13
13,3,-1,"(3, 9)",-14
14,2,-1,"(4, 9)",-15
15,2,-1,"(5, 9)",-16
16,1,-1,"(5, 8)",-17
17,0,-1,"(5, 9)",-18
18,1,-1,"(5, 8)",-19
19,0,-1,"(5, 9)",-20
20,2,-1,"(6, 9)",-21
21,0,-1,"(6, 10)",-22
22,1,-1,"(6, 9)",-23
23,3,-1,"(5, 9)",-24
24,1,-1,"(5, 8)",-25
25,0,-1,"(5, 9)",-26
26,3,-1,"(4, 9)",-27
Step,Action,Reward,New State,Total Reward
0,0,-1,"(0, 1)",-1
1,0,-1,"(0, 2)",-2
2,0,-1,"(0, 3)",-3
3,0,-1,"(0, 4)",-4
4,0,-1,"(0, 5)",-5
5,0,-1,"(0, 6)",-6
6,0,-1,"(0, 7)",-7
7,0,-1,"(0, 8)",-8
8,0,-1,"(0, 9)",-9
9,2,-1,"(1, 9)",-10
10,2,-1,"(2, 9)",-11
11,2,-1,"(3, 9)",-12
12,2,-1,"(4, 9)",-13
13,2,-1,"(5, 9)",-14
14,3,-1,"(4, 9)",-15
15,3,-1,"(3, 9)",-16
16,2,-1,"(4, 9)",-17
17,0,-1,"(4, 10)",-18
18,2,-1,"(5, 10)",-19
19,1,-1,"(5, 9)",-20
20,1,-1,"(5, 8)",-21
21,0,-1,"(5, 9)",-22
22,3,-1,"(4, 9)",-23
23,0,-1,"(4, 10)",-24
24,3,-1,"(3, 10)",-25
25,2,-1,"(4, 10)",-26
26,2,-1,"(5, 10)",-27
27,2,-1,"(6, 10)",-28
28,3,-1,"(5, 10)",-29
29,1,-1,"(5, 9)",-30
30,2,-1,"(6, 9)",-31
31,1,-1,"(6, 8)",-32
32,0,-1,"(6, 9)",-33
33,2,-1,"(7, 9)",-34
34,0,-1,"(7, 10)",-35
35,3,-1,"(6, 10)",-36
36,1,-1,"(6, 9)",-37
37,0,-1,"(6, 10)",-38
38,2,-1,"(7, 10)",-39
39,2,-1,"(8, 10)",-40
40,2,-1,"(9, 10)",-41
41,2,-1,"(10, 10)",-42
42,0,-1,"(10, 11)",-43
43,1,-1,"(10, 10)",-44
44,2,-1,"(11, 10)",-45
45,3,-1,"(10, 10)",-46
46,2,-1,"(11, 10)",-47
47,1,-1,"(11, 9)",-48
48,2,-1,"(12, 9)",-49
49,0,-1,"(12, 10)",-50
50,2,-1,"(13, 10)",-51
51,2,-1,"(14, 10)",-52
52,0,-1,"(14, 11)",-53
53,0,-1,"(14, 12)",-54
54,0,-1,"(14, 13)",-55
55,2,-1,"(15, 13)",-56
56,2,-1,"(16, 13)",-57
57,1,-1,"(16, 12)",-58
58,0,-1,"(16, 13)",-59
59,3,-1,"(15, 13)",-60
60,3,-1,"(14, 13)",-61
61,0,-1,"(14, 14)",-62
62,3,-1,"(13, 14)",-63
63,1,-1,"(13, 13)",-64
64,0,-1,"(13, 14)",-65
65,3,-1,"(12, 14)",-66
66,0,-1,"(12, 15)",-67
67,3,-1,"(11, 15)",-68
68,1,-1,"(11, 14)",-69
69,2,-1,"(12, 14)",-70
70,3,-1,"(11, 14)",-71
71,2,-1,"(12, 14)",-72
72,0,-1,"(12, 15)",-73
73,2,-1,"(13, 15)",-74
74,3,-1,"(12, 15)",-75
75,0,-1,"(12, 16)",-76
76,2,-1,"(13, 16)",-77
77,0,-1,"(13, 17)",-78
78,0,-1,"(13, 18)",-79
79,2,-1,"(14, 18)",-80
80,2,-1,"(15, 18)",-81
81,2,-1,"(16, 18)",-82
82,0,-1,"(16, 19)",-83
83,1,-1,"(16, 18)",-84
84,1,-1,"(16, 17)",-85
85,1,-1,"(16, 16)",-86
86,2,-1,"(17, 16)",-87
87,2,-1,"(18, 16)",-88
88,0,-1,"(18, 17)",-89
89,1,-1,"(18, 16)",-90
90,2,-1,"(19, 16)",-91
91,3,-1,"(18, 16)",-92
92,2,-1,"(19, 16)",-93
93,0,-1,"(19, 17)",-94
94,2,-1,"(20, 17)",-95
95,0,-1,"(20, 18)",-96
96,3,-1,"(19, 18)",-97
97,3,-1,"(18, 18)",-98
98,1,-1,"(18, 17)",-99
99,1,-1,"(18, 16)",-100
100,0,-1,"(18, 17)",-101
101,3,-1,"(17, 17)",-102
102,1,-1,"(17, 16)",-103
103,0,-1,"(17, 17)",-104
104,3,-1,"(16, 17)",-105
105,0,-1,"(16, 18)",-106
106,1,-1,"(16, 17)",-107
107,3,-1,"(15, 17)",-108
108,3,-1,"(14, 17)",-109
109,2,-1,"(15, 17)",-110
110,3,-1,"(14, 17)",-111
111,1,-1,"(14, 16)",-112
112,0,-1,"(14, 17)",-113
113,2,-1,"(15, 17)",-114
114,3,-1,"(14, 17)",-115
115,1,-1,"(14, 16)",-116
116,0,-1,"(14, 17)",-117
117,2,-1,"(15, 17)",-118
118,1,-1,"(15, 16)",-119
119,2,-1,"(16, 16)",-120
120,3,-1,"(15, 16)",-121
121,0,-1,"(15, 17)",-122
122,1,-1,"(15, 16)",-123
123,0,-1,"(15, 17)",-124
124,1,-1,"(15, 16)",-125
125,1,-1,"(15, 15)",-126
126,2,-1,"(16, 15)",-127
127,0,-1,"(16, 16)",-128
128,1,-1,"(16, 15)",-129
129,3,-1,"(15, 15)",-130
130,3,-1,"(14, 15)",-131
131,0,-1,"(14, 16)",-132
132,3,-1,"(13, 16)",-133
133,2,-1,"(14, 16)",-134
134,1,-1,"(14, 15)",-135
135,0,-1,"(14, 16)",-136
136,3,-1,"(13, 16)",-137
137,1,-1,"(13, 15)",-138
138,0,-1,"(13, 16)",-139
139,2,-1,"(14, 16)",-140
140,0,-1,"(14, 17)",-141
141,1,-1,"(14, 16)",-142
142,0,-1,"(14, 17)",-143
143,3,-1,"(13, 17)",-144
144,2,-1,"(14, 17)",-145
145,3,-1,"(13, 17)",-146
146,1,-1,"(13, 16)",-147
147,3,-1,"(12, 16)",-148
148,3,-1,"(11, 16)",-149
149,2,-1,"(12, 16)",-150
150,2,-1,"(13, 16)",-151
151,3,-1,"(12, 16)",-152
152,3,-1,"(11, 16)",-153
153,1,-1,"(11, 15)",-154
154,2,-1,"(12, 15)",-155
155,0,-1,"(12, 16)",-156
156,3,-1,"(11, 16)",-157
157,0,-1,"(11, 17)",-158
158,1,-1,"(11, 16)",-159
159,3,-1,"(10, 16)",-160
160,2,-1,"(11, 16)",-161
161,1,-1,"(11, 15)",-162
162,3,-1,"(10, 15)",-163
163,2,-1,"(11, 15)",-164
164,0,-1,"(11, 16)",-165
165,0,-1,"(11, 17)",-166
166,1,-1,"(11, 16)",-167
167,0,-1,"(11, 17)",-168
168,0,-1,"(11, 18)",-169
169,2,-1,"(12, 18)",-170
170,3,-1,"(11, 18)",-171
171,3,-1,"(10, 18)",-172
172,2,-1,"(11, 18)",-173
173,0,-1,"(11, 19)",-174
174,3,-1,"(10, 19)",-175
175,0,-1,"(10, 20)",-176
176,0,-1,"(10, 21)",-177
177,2,-1,"(11, 21)",-178
178,0,-1,"(11, 22)",-179
179,3,-1,"(10, 22)",-180
180,0,-1,"(10, 23)",-181
181,0,-1,"(10, 24)",-182
182,1,-1,"(10, 23)",-183
183,3,-1,"(9, 23)",-184
184,0,-1,"(9, 24)",-185
185,3,-1,"(8, 24)",-186
186,2,-1,"(9, 24)",-187
187,3,-1,"(8, 24)",-188
188,0,-1,"(8, 25)",-189
189,2,-1,"(9, 25)",-190
190,1,-1,"(9, 24)",-191
191,3,-1,"(8, 24)",-192
192,1,-1,"(8, 23)",-193
193,3,-1,"(7, 23)",-194
194,3,-1,"(6, 23)",-195
195,0,-1,"(6, 24)",-196
196,3,-1,"(5, 24)",-197
197,3,-1,"(4, 24)",-198
198,0,-1,"(4, 25)",-199
199,3,-1,"(3, 25)",-200
200,2,-1,"(4, 25)",-201
201,1,-1,"(4, 24)",-202
202,3,-1,"(3, 24)",-203
203,2,-1,"(4, 24)",-204
204,1,-1,"(4, 23)",-205
205,3,-1,"(3, 23)",-206
206,2,-1,"(4, 23)",-207
207,3,-1,"(3, 23)",-208
208,2,-1,"(4, 23)",-209
209,1,-1,"(4, 22)",-210
210,0,-1,"(4, 23)",-211
211,1,-1,"(4, 22)",-212
212,2,-1,"(5, 22)",-213
213,0,-1,"(5, 23)",-214
214,3,-1,"(4, 23)",-215
215,0,-1,"(4, 24)",-216
216,1,-1,"(4, 23)",-217
217,2,-1,"(5, 23)",-218
218,0,-1,"(5, 24)",-219
219,0,-1,"(5, 25)",-220
220,3,-1,"(4, 25)",-221
221,2,-1,"(5, 25)",-222
222,2,-1,"(6, 25)",-223
223,2,-1,"(7, 25)",-224
224,2,-1,"(8, 25)",-225
225,0,-1,"(8, 26)",-226
226,1,-1,"(8, 25)",-227
227,3,-1,"(7, 25)",-228
228,1,-1,"(7, 24)",-229
229,2,-1,"(8, 24)",-230
230,2,-1,"(9, 24)",-231
231,3,-1,"(8, 24)",-232
232,1,-1,"(8, 23)",-233
233,3,-1,"(7, 23)",-234
234,2,-1,"(8, 23)",-235
235,1,-1,"(8, 22)",-236
236,2,-1,"(9, 22)",-237
237,3,-1,"(8, 22)",-238
238,3,-1,"(7, 22)",-239
239,2,-1,"(8, 22)",-240
240,1,-1,"(8, 21)",-241
241,2,-1,"(9, 21)",-242
242,2,-1,"(10, 21)",-243
243,2,-1,"(11, 21)",-244
244,1,-1,"(11, 20)",-245
245,2,-1,"(12, 20)",-246
246,1,-1,"(12, 19)",-247
247,0,-1,"(12, 20)",-248
248,1,-1,"(12, 19)",-249
249,1,-1,"(12, 18)",-250
250,3,-1,"(11, 18)",-251
251,1,-1,"(11, 17)",-252
252,3,-1,"(10, 17)",-253
253,3,-1,"(9, 17)",-254
254,1,-1,"(9, 16)",-255
255,3,-1,"(8, 16)",-256
256,2,-1,"(9, 16)",-257
257,2,-1,"(10, 16)",-258
258,0,-1,"(10, 17)",-259
259,2,-1,"(11, 17)",-260
260,1,-1,"(11, 16)",-261
261,2,-1,"(12, 16)",-262
262,0,-1,"(12, 17)",-263
263,0,-1,"(12, 18)",-264
264,2,-1,"(13, 18)",-265
265,3,-1,"(12, 18)",-266
266,3,-1,"(11, 18)",-267
267,3,-1,"(10, 18)",-268
268,2,-1,"(11, 18)",-269
269,2,-1,"(12, 18)",-270
270,2,-1,"(13, 18)",-271
271,0,-1,"(13, 19)",-272
272,2,-1,"(14, 19)",-273
273,2,-1,"(15, 19)",-274
274,2,-1,"(16, 19)",-275
275,1,-1,"(16, 18)",-276
276,2,-1,"(17, 18)",-277
277,3,-1,"(16, 18)",-278
278,1,-1,"(16, 17)",-279
279,0,-1,"(16, 18)",-280
280,2,-1,"(17, 18)",-281
281,3,-1,"(16, 18)",-282
282,2,-1,"(17, 18)",-283
283,0,-1,"(17, 19)",-284
284,0,-1,"(17, 20)",-285
285,0,-1,"(17, 21)",-286
286,1,-1,"(17, 20)",-287
287,0,-1,"(17, 21)",-288
288,1,-1,"(17, 20)",-289
289,2,-1,"(18, 20)",-290
290,1,-1,"(18, 19)",-291
291,3,-1,"(17, 19)",-292
292,1,-1,"(17, 18)",-293
293,1,-1,"(17, 17)",-294
294,3,-1,"(16, 17)",-295
295,0,-1,"(16, 18)",-296
296,0,-1,"(16, 19)",-297
297,0,-1,"(16, 20)",-298
298,0,-1,"(16, 21)",-299
299,2,-1,"(17, 21)",-300
300,1,-1,"(17, 20)",-301
301,0,-1,"(17, 21)",-302
302,2,-1,"(18, 21)",-303
303,2,-1,"(19, 21)",-304
304,0,-1,"(19, 22)",-305
305,2,-1,"(20, 22)",-306
306,2,-1,"(21, 22)",-307
307,2,-1,"(22, 22)",-308
308,1,-1,"(22, 21)",-309
309,2,-1,"(23, 21)",-310
310,3,-1,"(22, 21)",-311
311,0,-1,"(22, 22)",-312
312,1,-1,"(22, 21)",-313
313,2,-1,"(23, 21)",-314
314,2,-1,"(24, 21)",-315
315,1,-1,"(24, 20)",-316
316,2,-1,"(25, 20)",-317
317,0,-1,"(25, 21)",-318
318,1,-1,"(25, 20)",-319
319,3,-1,"(24, 20)",-320
320,0,-1,"(24, 21)",-321
321,2,-1,"(25, 21)",-322
322,0,-1,"(25, 22)",-323
323,2,-1,"(26, 22)",-324
324,3,-1,"(25, 22)",-325
325,0,-1,"(25, 23)",-326
326,2,-1,"(26, 23)",-327
327,3,-1,"(25, 23)",-328
328,2,-1,"(26, 23)",-329
329,2,-1,"(27, 23)",-330
330,0,-1,"(27, 24)",-331
331,1,-1,"(27, 23)",-332
332,0,-1,"(27, 24)",-333
333,3,-1,"(26, 24)",-334
334,1,-1,"(26, 23)",-335
335,3,-1,"(25, 23)",-336
336,1,-1,"(25, 22)",-337
337,0,-1,"(25, 23)",-338
338,3,-1,"(24, 23)",-339
339,1,-1,"(24, 22)",-340
340,1,-1,"(24, 21)",-341
341,0,-1,"(24, 22)",-342
342,2,-1,"(25, 22)",-343
343,2,-1,"(26, 22)",-344
344,1,-1,"(26, 21)",-345
345,2,-1,"(27, 21)",-346
346,1,-1,"(27, 20)",-347
347,2,-1,"(28, 20)",-348
348,1,-1,"(28, 19)",-349
349,2,-1,"(29, 19)",-350
350,0,-1,"(29, 20)",-351
351,0,-1,"(29, 21)",-352
352,2,-1,"(30, 21)",-353
353,1,-1,"(30, 20)",-354
354,1,-1,"(30, 19)",-355
355,0,-1,"(30, 20)",-356
356,3,-1,"(29, 20)",-357
357,2,-1,"(30, 20)",-358
358,3,-1,"(29, 20)",-359
359,1,-1,"(29, 19)",-360
360,0,-1,"(29, 20)",-361
361,3,-1,"(28, 20)",-362
362,2,-1,"(29, 20)",-363
363,1,-1,"(29, 19)",-364
364,3,-1,"(28, 19)",-365
365,1,-1,"(28, 18)",-366
366,3,-1,"(27, 18)",-367
367,3,-1,"(26, 18)",-368
368,1,-1,"(26, 17)",-369
369,3,-1,"(25, 17)",-370
370,1,-1,"(25, 16)",-371
371,1,-1,"(25, 15)",-372
372,0,-1,"(25, 16)",-373
373,2,-1,"(26, 16)",-374
374,1,-1,"(26, 15)",-375
375,2,-1,"(27, 15)",-376
376,2,-1,"(28, 15)",-377
377,3,-1,"(27, 15)",-378
378,1,-1,"(27, 14)",-379
379,2,-1,"(28, 14)",-380
380,1,-1,"(28, 13)",-381
381,0,-1,"(28, 14)",-382
382,0,-1,"(28, 15)",-383
383,2,-1,"(29, 15)",-384
384,0,-1,"(29, 16)",-385
385,3,-1,"(28, 16)",-386
386,2,-1,"(29, 16)",-387
387,1,-1,"(29, 15)",-388
388,1,-1,"(29, 14)",-389
389,0,-1,"(29, 15)",-390
390,3,-1,"(28, 15)",-391
391,1,-1,"(28, 14)",-392
392,2,-1,"(29, 14)",-393
393,2,-1,"(30, 14)",-394
394,3,-1,"(29, 14)",-395
395,0,-1,"(29, 15)",-396
396,2,-1,"(30, 15)",-397
397,2,-1,"(31, 15)",-398
398,3,-1,"(30, 15)",-399
399,2,-1,"(31, 15)",-400
400,3,-1,"(30, 15)",-401
401,0,-1,"(30, 16)",-402
402,3,-1,"(29, 16)",-403
403,1,-1,"(29, 15)",-404
404,1,-1,"(29, 14)",-405
405,1,-1,"(29, 13)",-406
406,3,-1,"(28, 13)",-407
407,1,-1,"(28, 12)",-408
408,3,-1,"(27, 12)",-409
409,3,-1,"(26, 12)",-410
410,2,-1,"(27, 12)",-411
411,0,-1,"(27, 13)",-412
412,1,-1,"(27, 12)",-413
413,2,-1,"(28, 12)",-414
414,3,-1,"(27, 12)",-415
415,2,-1,"(28, 12)",-416
Step,Action,Reward,New State,Total Reward
0,0,-1,"(0, 1)",-1
1,0,-1,"(0, 2)",-2
2,0,-1,"(0, 3)",-3
3,0,-1,"(0, 4)",-4
4,0,-1,"(0, 5)",-5
5,0,-1,"(0, 6)",-6
6,0,-1,"(0, 7)",-7
7,0,-1,"(0, 8)",-8
8,0,-1,"(0, 9)",-9
9,2,-1,"(1, 9)",-10
10,2,-1,"(2, 9)",-11
11,2,-1,"(3, 9)",-12
12,2,-1,"(4, 9)",-13
13,3,-1,"(3, 9)",-14
14,2,-1,"(4, 9)",-15
15,3,-1,"(3, 9)",-16
16,2,-1,"(4, 9)",-17
17,3,-1,"(3, 9)",-18
18,2,-1,"(4, 9)",-19
Step,Action,Reward,New State,Total Reward
0,0,-1,"(0, 1)",-1
1,0,-1,"(0, 2)",-2
2,0,-1,"(0, 3)",-3
3,0,-1,"(0, 4)",-4
4,0,-1,"(0, 5)",-5
5,0,-1,"(0, 6)",-6
6,0,-1,"(0, 7)",-7
7,0,-1,"(0, 8)",-8
8,0,-1,"(0, 9)",-9
9,2,-1,"(1, 9)",-10
10,2,-1,"(2, 9)",-11
11,2,-1,"(3, 9)",-12
12,2,-1,"(4, 9)",-13
Step,Action,Reward,New State,Total Reward
0,0,-1,"(0, 1)",-1
1,0,-1,"(0, 2)",-2
2,0,-1,"(0, 3)",-3
3,0,-1,"(0, 4)",-4
4,0,-1,"(0, 5)",-5
5,0,-1,"(0, 6)",-6
6,0,-1,"(0, 7)",-7
7,0,-1,"(0, 8)",-8
8,0,-1,"(0, 9)",-9
9,2,-1,"(1, 9)",-10
10,2,-1,"(2, 9)",-11
11,2,-1,"(3, 9)",-12
12,2,-1,"(4, 9)",-13
13,0,-1,"(4, 10)",-14
14,2,-1,"(5, 10)",-15
15,2,-1,"(6, 10)",-16
16,0,-1,"(6, 11)",-17
17,0,-1,"(6, 12)",-18
18,2,-1,"(7, 12)",-19
19,1,-1,"(7, 11)",-20
20,0,-1,"(7, 12)",-21
21,2,-1,"(8, 12)",-22
22,2,-1,"(9, 12)",-23
23,1,-1,"(9, 11)",-24
24,0,-1,"(9, 12)",-25
25,1,-1,"(9, 11)",-26
26,0,-1,"(9, 12)",-27
27,2,-1,"(10, 12)",-28
28,2,-1,"(11, 12)",-29
29,0,-1,"(11, 13)",-30
30,3,-1,"(10, 13)",-31
31,2,-1,"(11, 13)",-32
32,1,-1,"(11, 12)",-33
33,2,-1,"(12, 12)",-34
34,2,-1,"(13, 12)",-35
35,0,-1,"(13, 13)",-36
36,0,-1,"(13, 14)",-37
37,2,-1,"(14, 14)",-38
38,1,-1,"(14, 13)",-39
39,3,-1,"(13, 13)",-40
40,3,-1,"(12, 13)",-41
41,2,-1,"(13, 13)",-42
42,3,-1,"(12, 13)",-43
43,0,-1,"(12, 14)",-44
44,2,-1,"(13, 14)",-45
45,3,-1,"(12, 14)",-46
46,1,-1,"(12, 13)",-47
47,3,-1,"(11, 13)",-48
48,0,-1,"(11, 14)",-49
49,0,-1,"(11, 15)",-50
50,3,-1,"(10, 15)",-51
51,3,-1,"(9, 15)",-52
52,1,-1,"(9, 14)",-53
53,0,-1,"(9, 15)",-54
54,2,-1,"(10, 15)",-55
55,2,-1,"(11, 15)",-56
56,2,-1,"(12, 15)",-57
57,2,-1,"(13, 15)",-58
58,0,-1,"(13, 16)",-59
59,3,-1,"(12, 16)",-60
60,1,-1,"(12, 15)",-61
61,0,-1,"(12, 16)",-62
62,1,-1,"(12, 15)",-63
63,0,-1,"(12, 16)",-64
64,0,-1,"(12, 17)",-65
65,1,-1,"(12, 16)",-66
66,2,-1,"(13, 16)",-67
67,2,-1,"(14, 16)",-68
68,0,-1,"(14, 17)",-69
69,0,-1,"(14, 18)",-70
70,0,-1,"(14, 19)",-71
71,0,-1,"(14, 20)",-72
72,3,-1,"(13, 20)",-73
73,2,-1,"(14, 20)",-74
74,1,-1,"(14, 19)",-75
75,0,-1,"(14, 20)",-76
76,1,-1,"(14, 19)",-77
77,3,-1,"(13, 19)",-78
78,1,-1,"(13, 18)",-79
79,1,-1,"(13, 17)",-80
80,1,-1,"(13, 16)",-81
81,3,-1,"(12, 16)",-82
82,2,-1,"(13, 16)",-83
83,0,-1,"(13, 17)",-84
84,3,-1,"(12, 17)",-85
85,1,-1,"(12, 16)",-86
86,1,-1,"(12, 15)",-87
87,3,-1,"(11, 15)",-88
88,0,-1,"(11, 16)",-89
89,2,-1,"(12, 16)",-90
90,1,-1,"(12, 15)",-91
91,0,-1,"(12, 16)",-92
92,3,-1,"(11, 16)",-93
93,0,-1,"(11, 17)",-94
94,1,-1,"(11, 16)",-95
95,2,-1,"(12, 16)",-96
96,1,-1,"(12, 15)",-97
97,3,-1,"(11, 15)",-98
98,3,-1,"(10, 15)",-99
99,3,-1,"(9, 15)",-100
100,2,-1,"(10, 15)",-101
101,1,-1,"(10, 14)",-102
102,3,-1,"(9, 14)",-103
103,2,-1,"(10, 14)",-104
104,0,-1,"(10, 15)",-105
105,3,-1,"(9, 15)",-106
106,0,-1,"(9, 16)",-107
107,2,-1,"(10, 16)",-108
108,3,-1,"(9, 16)",-109
109,0,-1,"(9, 17)",-110
110,1,-1,"(9, 16)",-111
111,2,-1,"(10, 16)",-112
112,1,-1,"(10, 15)",-113
113,3,-1,"(9, 15)",-114
114,0,-1,"(9, 16)",-115
115,1,-1,"(9, 15)",-116
116,2,-1,"(10, 15)",-117
117,2,-1,"(11, 15)",-118
118,3,-1,"(10, 15)",-119
119,3,-1,"(9, 15)",-120
120,0,-1,"(9, 16)",-121
121,0,-1,"(9, 17)",-122
122,3,-1,"(8, 17)",-123
123,1,-1,"(8, 16)",-124
124,0,-1,"(8, 17)",-125
125,1,-1,"(8, 16)",-126
126,2,-1,"(9, 16)",-127
127,3,-1,"(8, 16)",-128
128,0,-1,"(8, 17)",-129
129,2,-1,"(9, 17)",-130
130,1,-1,"(9, 16)",-131
131,2,-1,"(10, 16)",-132
132,3,-1,"(9, 16)",-133
133,2,-1,"(10, 16)",-134
134,2,-1,"(11, 16)",-135
135,0,-1,"(11, 17)",-136
136,0,-1,"(11, 18)",-137
137,2,-1,"(12, 18)",-138
138,0,-1,"(12, 19)",-139
139,0,-1,"(12, 20)",-140
140,1,-1,"(12, 19)",-141
141,1,-1,"(12, 18)",-142
142,0,-1,"(12, 19)",-143
143,1,-1,"(12, 18)",-144
144,3,-1,"(11, 18)",-145
145,2,-1,"(12, 18)",-146
146,2,-1,"(13, 18)",-147
147,0,-1,"(13, 19)",-148
148,0,-1,"(13, 20)",-149
149,0,-1,"(13, 21)",-150
150,3,-1,"(12, 21)",-151
151,1,-1,"(12, 20)",-152
152,3,-1,"(11, 20)",-153
153,2,-1,"(12, 20)",-154
154,1,-1,"(12, 19)",-155
155,3,-1,"(11, 19)",-156
156,0,-1,"(11, 20)",-157
157,3,-1,"(10, 20)",-158
158,3,-1,"(9, 20)",-159
159,0,-1,"(9, 21)",-160
160,1,-1,"(9, 20)",-161
161,0,-1,"(9, 21)",-162
162,3,-1,"(8, 21)",-163
163,2,-1,"(9, 21)",-164
164,0,-1,"(9, 22)",-165
165,2,-1,"(10, 22)",-166
166,0,-1,"(10, 23)",-167
167,1,-1,"(10, 22)",-168
168,2,-1,"(11, 22)",-169
169,2,-1,"(12, 22)",-170
170,1,-1,"(12, 21)",-171
171,1,-1,"(12, 20)",-172
172,3,-1,"(11, 20)",-173
173,1,-1,"(11, 19)",-174
174,1,-1,"(11, 18)",-175
175,3,-1,"(10, 18)",-176
176,1,-1,"(10, 17)",-177
177,1,-1,"(10, 16)",-178
178,2,-1,"(11, 16)",-179
179,0,-1,"(11, 17)",-180
180,3,-1,"(10, 17)",-181
181,2,-1,"(11, 17)",-182
182,1,-1,"(11, 16)",-183
183,1,-1,"(11, 15)",-184
184,0,-1,"(11, 16)",-185
185,3,-1,"(10, 16)",-186
186,3,-1,"(9, 16)",-187
187,2,-1,"(10, 16)",-188
188,2,-1,"(11, 16)",-189
189,3,-1,"(10, 16)",-190
190,2,-1,"(11, 16)",-191
191,2,-1,"(12, 16)",-192
192,1,-1,"(12, 15)",-193
193,2,-1,"(13, 15)",-194
194,3,-1,"(12, 15)",-195
195,0,-1,"(12, 16)",-196
196,1,-1,"(12, 15)",-197
197,3,-1,"(11, 15)",-198
198,0,-1,"(11, 16)",-199
199,0,-1,"(11, 17)",-200
200,2,-1,"(12, 17)",-201
201,3,-1,"(11, 17)",-202
202,3,-1,"(10, 17)",-203
203,0,-1,"(10, 18)",-204
204,1,-1,"(10, 17)",-205
205,2,-1,"(11, 17)",-206
206,0,-1,"(11, 18)",-207
207,3,-1,"(10, 18)",-208
208,0,-1,"(10, 19)",-209
209,2,-1,"(11, 19)",-210
210,0,-1,"(11, 20)",-211
211,0,-1,"(11, 21)",-212
212,2,-1,"(12, 21)",-213
213,3,-1,"(11, 21)",-214
214,3,-1,"(10, 21)",-215
215,1,-1,"(10, 20)",-216
216,0,-1,"(10, 21)",-217
217,3,-1,"(9, 21)",-218
218,3,-1,"(8, 21)",-219
219,0,-1,"(8, 22)",-220
220,0,-1,"(8, 23)",-221
221,1,-1,"(8, 22)",-222
222,2,-1,"(9, 22)",-223
223,2,-1,"(10, 22)",-224
224,3,-1,"(9, 22)",-225
225,0,-1,"(9, 23)",-226
226,0,-1,"(9, 24)",-227
227,3,-1,"(8, 24)",-228
228,1,-1,"(8, 23)",-229
229,2,-1,"(9, 23)",-230
230,2,-1,"(10, 23)",-231
231,1,-1,"(10, 22)",-232
232,3,-1,"(9, 22)",-233
233,2,-1,"(10, 22)",-234
234,2,-1,"(11, 22)",-235
235,0,-1,"(11, 23)",-236
236,3,-1,"(10, 23)",-237
237,2,-1,"(11, 23)",-238
238,3,-1,"(10, 23)",-239
239,0,-1,"(10, 24)",-240
240,2,-1,"(11, 24)",-241
241,3,-1,"(10, 24)",-242
242,2,-1,"(11, 24)",-243
243,0,-1,"(11, 25)",-244
244,0,-1,"(11, 26)",-245
245,2,-1,"(12, 26)",-246
246,0,-1,"(12, 27)",-247
247,0,-1,"(12, 28)",-248
248,0,-1,"(12, 29)",-249
249,0,-1,"(12, 30)",-250
250,1,-1,"(12, 29)",-251
251,0,-1,"(12, 30)",-252
252,2,-1,"(13, 30)",-253
253,2,-1,"(14, 30)",-254
254,0,-1,"(14, 31)",-255
255,2,-1,"(15, 31)",-256
256,1,-1,"(15, 30)",-257
257,1,-1,"(15, 29)",-258
258,2,-1,"(16, 29)",-259
259,1,-1,"(16, 28)",-260
260,2,-1,"(17, 28)",-261
261,1,-1,"(17, 27)",-262
262,1,-1,"(17, 26)",-263
263,3,-1,"(16, 26)",-264
264,3,-1,"(15, 26)",-265
265,0,-1,"(15, 27)",-266
266,3,-1,"(14, 27)",-267
267,2,-1,"(15, 27)",-268
268,1,-1,"(15, 26)",-269
269,1,-1,"(15, 25)",-270
270,3,-1,"(14, 25)",-271
271,1,-1,"(14, 24)",-272
272,0,-1,"(14, 25)",-273
273,0,-1,"(14, 26)",-274
274,1,-1,"(14, 25)",-275
275,3,-1,"(13, 25)",-276
276,3,-1,"(12, 25)",-277
277,3,-1,"(11, 25)",-278
278,2,-1,"(12, 25)",-279
279,2,-1,"(13, 25)",-280
280,0,-1,"(13, 26)",-281
281,2,-1,"(14, 26)",-282
282,1,-1,"(14, 25)",-283
283,1,-1,"(14, 24)",-284
284,3,-1,"(13, 24)",-285
285,3,-1,"(12, 24)",-286
286,1,-1,"(12, 23)",-287
287,2,-1,"(13, 23)",-288
288,3,-1,"(12, 23)",-289
289,3,-1,"(11, 23)",-290
290,3,-1,"(10, 23)",-291
291,3,-1,"(9, 23)",-292
292,2,-1,"(10, 23)",-293
293,2,-1,"(11, 23)",-294
294,0,-1,"(11, 24)",-295
295,3,-1,"(10, 24)",-296
296,1,-1,"(10, 23)",-297
297,3,-1,"(9, 23)",-298
298,3,-1,"(8, 23)",-299
299,0,-1,"(8, 24)",-300
300,3,-1,"(7, 24)",-301
301,3,-1,"(6, 24)",-302
302,1,-1,"(6, 23)",-303
303,3,-1,"(5, 23)",-304
304,1,-1,"(5, 22)",-305
305,2,-1,"(6, 22)",-306
306,0,-1,"(6, 23)",-307
307,1,-1,"(6, 22)",-308
308,2,-1,"(7, 22)",-309
309,1,-1,"(7, 21)",-310
310,2,-1,"(8, 21)",-311
311,3,-1,"(7, 21)",-312
312,3,-1,"(6, 21)",-313
313,3,-1,"(5, 21)",-314
314,3,-1,"(4, 21)",-315
315,1,-1,"(4, 20)",-316
316,3,-1,"(3, 20)",-317
317,2,-1,"(4, 20)",-318
318,0,-1,"(4, 21)",-319
319,1,-1,"(4, 20)",-320
320,3,-1,"(3, 20)",-321
321,2,-1,"(4, 20)",-322
322,3,-1,"(3, 20)",-323
323,2,-1,"(4, 20)",-324
324,3,-1,"(3, 20)",-325
325,2,-1,"(4, 20)",-326
326,3,-1,"(3, 20)",-327
327,2,-1,"(4, 20)",-328
328,1,-1,"(4, 19)",-329
329,1,-1,"(4, 18)",-330
330,2,-1,"(5, 18)",-331
331,0,-1,"(5, 19)",-332
332,1,-1,"(5, 18)",-333
333,2,-1,"(6, 18)",-334
334,1,-1,"(6, 17)",-335
335,3,-1,"(5, 17)",-336
336,3,-1,"(4, 17)",-337
337,3,-1,"(3, 17)",-338
338,2,-1,"(4, 17)",-339
339,3,-1,"(3, 17)",-340
340,2,-1,"(4, 17)",-341
341,1,-1,"(4, 16)",-342
342,1,-1,"(4, 15)",-343
343,1,-1,"(4, 14)",-344
344,3,-1,"(3, 14)",-345
345,2,-1,"(4, 14)",-346
346,1,-1,"(4, 13)",-347
347,3,-1,"(3, 13)",-348
348,2,-1,"(4, 13)",-349
349,1,-1,"(4, 12)",-350
350,0,-1,"(4, 13)",-351
351,0,-1,"(4, 14)",-352
352,0,-1,"(4, 15)",-353
353,2,-1,"(5, 15)",-354
354,1,-1,"(5, 14)",-355
355,2,-1,"(6, 14)",-356
356,3,-1,"(5, 14)",-357
357,3,-1,"(4, 14)",-358
358,3,-1,"(3, 14)",-359
359,2,-1,"(4, 14)",-360
360,0,-1,"(4, 15)",-361
Step,Action,Reward,New State,Total Reward
0,0,-1,"(0, 1)",-1
1,0,-1,"(0, 2)",-2
2,0,-1,"(0, 3)",-3
3,0,-1,"(0, 4)",-4
4,0,-1,"(0, 5)",-5
5,0,-1,"(0, 6)",-6
6,0,-1,"(0, 7)",-7
7,0,-1,"(0, 8)",-8
8,0,-1,"(0, 9)",-9
9,2,-1,"(1, 9)",-10
10,2,-1,"(2, 9)",-11
11,2,-1,"(3, 9)",-12
12,2,-1,"(4, 9)",-13
13,2,-1,"(5, 9)",-14
14,1,-1,"(5, 8)",-15
15,0,-1,"(5, 9)",-16
16,2,-1,"(6, 9)",-17
17,0,-1,"(6, 10)",-18
18,0,-1,"(6, 11)",-19
19,1,-1,"(6, 10)",-20
20,1,-1,"(6, 9)",-21
21,2,-1,"(7, 9)",-22
22,2,-1,"(8, 9)",-23
23,0,-1,"(8, 10)",-24
24,1,-1,"(8, 9)",-25
25,2,-1,"(9, 9)",-26
26,2,-1,"(10, 9)",-27
27,0,-1,"(10, 10)",-28
28,2,-1,"(11, 10)",-29
29,2,-1,"(12, 10)",-30
30,3,-1,"(11, 10)",-31
31,1,-1,"(11, 9)",-32
32,1,-1,"(11, 8)",-33
33,0,-1,"(11, 9)",-34
34,3,-1,"(10, 9)",-35
35,0,-1,"(10, 10)",-36
36,1,-1,"(10, 9)",-37
37,0,-1,"(10, 10)",-38
38,1,-1,"(10, 9)",-39
39,0,-1,"(10, 10)",-40
40,1,-1,"(10, 9)",-41
41,1,-1,"(10, 8)",-42
42,0,-1,"(10, 9)",-43
43,3,-1,"(9, 9)",-44
44,2,-1,"(10, 9)",-45
45,1,-1,"(10, 8)",-46
46,0,-1,"(10, 9)",-47
47,2,-1,"(11, 9)",-48
48,0,-1,"(11, 10)",-49
49,2,-1,"(12, 10)",-50
50,3,-1,"(11, 10)",-51
51,3,-1,"(10, 10)",-52
52,3,-1,"(9, 10)",-53
53,0,-1,"(9, 11)",-54
54,0,-1,"(9, 12)",-55
55,2,-1,"(10, 12)",-56
56,3,-1,"(9, 12)",-57
57,2,-1,"(10, 12)",-58
58,0,-1,"(10, 13)",-59
59,0,-1,"(10, 14)",-60
60,2,-1,"(11, 14)",-61
61,1,-1,"(11, 13)",-62
62,1,-1,"(11, 12)",-63
63,1,-1,"(11, 11)",-64
64,0,-1,"(11, 12)",-65
65,3,-1,"(10, 12)",-66
66,0,-1,"(10, 13)",-67
67,0,-1,"(10, 14)",-68
68,3,-1,"(9, 14)",-69
69,1,-1,"(9, 13)",-70
70,1,-1,"(9, 12)",-71
71,2,-1,"(10, 12)",-72
72,3,-1,"(9, 12)",-73
73,0,-1,"(9, 13)",-74
74,0,-1,"(9, 14)",-75
75,3,-1,"(8, 14)",-76
76,1,-1,"(8, 13)",-77
77,1,-1,"(8, 12)",-78
78,2,-1,"(9, 12)",-79
79,3,-1,"(8, 12)",-80
80,3,-1,"(7, 12)",-81
81,0,-1,"(7, 13)",-82
82,3,-1,"(6, 13)",-83
83,2,-1,"(7, 13)",-84
84,0,-1,"(7, 14)",-85
85,2,-1,"(8, 14)",-86
86,1,-1,"(8, 13)",-87
87,1,-1,"(8, 12)",-88
88,2,-1,"(9, 12)",-89
89,0,-1,"(9, 13)",-90
90,1,-1,"(9, 12)",-91
91,3,-1,"(8, 12)",-92
92,2,-1,"(9, 12)",-93
93,3,-1,"(8, 12)",-94
94,1,-1,"(8, 11)",-95
95,0,-1,"(8, 12)",-96
96,3,-1,"(7, 12)",-97
97,2,-1,"(8, 12)",-98
98,0,-1,"(8, 13)",-99
99,2,-1,"(9, 13)",-100
100,1,-1,"(9, 12)",-101
101,1,-1,"(9, 11)",-102
102,0,-1,"(9, 12)",-103
103,3,-1,"(8, 12)",-104
104,3,-1,"(7, 12)",-105
105,2,-1,"(8, 12)",-106
106,2,-1,"(9, 12)",-107
107,3,-1,"(8, 12)",-108
108,2,-1,"(9, 12)",-109
109,3,-1,"(8, 12)",-110
110,0,-1,"(8, 13)",-111
111,1,-1,"(8, 12)",-112
112,1,-1,"(8, 11)",-113
113,0,-1,"(8, 12)",-114
114,2,-1,"(9, 12)",-115
115,2,-1,"(10, 12)",-116
116,3,-1,"(9, 12)",-117
117,3,-1,"(8, 12)",-118
118,0,-1,"(8, 13)",-119
119,2,-1,"(9, 13)",-120
120,1,-1,"(9, 12)",-121
121,3,-1,"(8, 12)",-122
122,1,-1,"(8, 11)",-123
123,2,-1,"(9, 11)",-124
124,3,-1,"(8, 11)",-125
125,0,-1,"(8, 12)",-126
126,0,-1,"(8, 13)",-127
127,0,-1,"(8, 14)",-128
128,2,-1,"(9, 14)",-129
129,0,-1,"(9, 15)",-130
130,3,-1,"(8, 15)",-131
131,0,-1,"(8, 16)",-132
132,0,-1,"(8, 17)",-133
133,0,-1,"(8, 18)",-134
134,3,-1,"(7, 18)",-135
135,0,-1,"(7, 19)",-136
136,1,-1,"(7, 18)",-137
137,3,-1,"(6, 18)",-138
138,2,-1,"(7, 18)",-139
139,1,-1,"(7, 17)",-140
140,2,-1,"(8, 17)",-141
141,2,-1,"(9, 17)",-142
142,1,-1,"(9, 16)",-143
143,1,-1,"(9, 15)",-144
144,3,-1,"(8, 15)",-145
145,0,-1,"(8, 16)",-146
146,0,-1,"(8, 17)",-147
147,3,-1,"(7, 17)",-148
148,3,-1,"(6, 17)",-149
149,1,-1,"(6, 16)",-150
150,1,-1,"(6, 15)",-151
151,1,-1,"(6, 14)",-152
152,1,-1,"(6, 13)",-153
153,0,-1,"(6, 14)",-154
154,3,-1,"(5, 14)",-155
155,0,-1,"(5, 15)",-156
156,2,-1,"(6, 15)",-157
157,1,-1,"(6, 14)",-158
158,0,-1,"(6, 15)",-159
159,2,-1,"(7, 15)",-160
160,2,-1,"(8, 15)",-161
161,2,-1,"(9, 15)",-162
162,0,-1,"(9, 16)",-163
163,1,-1,"(9, 15)",-164
164,0,-1,"(9, 16)",-165
165,1,-1,"(9, 15)",-166
166,2,-1,"(10, 15)",-167
167,0,-1,"(10, 16)",-168
168,3,-1,"(9, 16)",-169
169,0,-1,"(9, 17)",-170
170,1,-1,"(9, 16)",-171
171,0,-1,"(9, 17)",-172
172,0,-1,"(9, 18)",-173
173,3,-1,"(8, 18)",-174
174,3,-1,"(7, 18)",-175
175,1,-1,"(7, 17)",-176
176,0,-1,"(7, 18)",-177
177,0,-1,"(7, 19)",-178
178,3,-1,"(6, 19)",-179
179,1,-1,"(6, 18)",-180
180,1,-1,"(6, 17)",-181
181,3,-1,"(5, 17)",-182
182,0,-1,"(5, 18)",-183
183,1,-1,"(5, 17)",-184
184,1,-1,"(5, 16)",-185
185,2,-1,"(6, 16)",-186
186,2,-1,"(7, 16)",-187
187,0,-1,"(7, 17)",-188
188,2,-1,"(8, 17)",-189
189,3,-1,"(7, 17)",-190
190,2,-1,"(8, 17)",-191
191,2,-1,"(9, 17)",-192
192,2,-1,"(10, 17)",-193
193,1,-1,"(10, 16)",-194
194,0,-1,"(10, 17)",-195
195,1,-1,"(10, 16)",-196
196,0,-1,"(10, 17)",-197
197,2,-1,"(11, 17)",-198
198,1,-1,"(11, 16)",-199
199,0,-1,"(11, 17)",-200
200,3,-1,"(10, 17)",-201
201,0,-1,"(10, 18)",-202
202,0,-1,"(10, 19)",-203
203,3,-1,"(9, 19)",-204
204,1,-1,"(9, 18)",-205
205,2,-1,"(10, 18)",-206
206,0,-1,"(10, 19)",-207
207,2,-1,"(11, 19)",-208
208,3,-1,"(10, 19)",-209
209,3,-1,"(9, 19)",-210
210,3,-1,"(8, 19)",-211
211,1,-1,"(8, 18)",-212
212,1,-1,"(8, 17)",-213
213,1,-1,"(8, 16)",-214
214,1,-1,"(8, 15)",-215
215,2,-1,"(9, 15)",-216
216,3,-1,"(8, 15)",-217
217,3,-1,"(7, 15)",-218
218,2,-1,"(8, 15)",-219
219,2,-1,"(9, 15)",-220
220,1,-1,"(9, 14)",-221
221,3,-1,"(8, 14)",-222
222,3,-1,"(7, 14)",-223
223,0,-1,"(7, 15)",-224
224,2,-1,"(8, 15)",-225
225,3,-1,"(7, 15)",-226
226,2,-1,"(8, 15)",-227
227,0,-1,"(8, 16)",-228
228,1,-1,"(8, 15)",-229
229,2,-1,"(9, 15)",-230
230,3,-1,"(8, 15)",-231
231,2,-1,"(9, 15)",-232
232,2,-1,"(10, 15)",-233
233,2,-1,"(11, 15)",-234
234,1,-1,"(11, 14)",-235
235,0,-1,"(11, 15)",-236
236,1,-1,"(11, 14)",-237
237,3,-1,"(10, 14)",-238
238,1,-1,"(10, 13)",-239
239,0,-1,"(10, 14)",-240
240,0,-1,"(10, 15)",-241
241,2,-1,"(11, 15)",-242
242,1,-1,"(11, 14)",-243
243,1,-1,"(11, 13)",-244
244,1,-1,"(11, 12)",-245
245,3,-1,"(10, 12)",-246
246,1,-1,"(10, 11)",-247
247,1,-1,"(10, 10)",-248
248,3,-1,"(9, 10)",-249
249,0,-1,"(9, 11)",-250
250,1,-1,"(9, 10)",-251
251,2,-1,"(10, 10)",-252
252,1,-1,"(10, 9)",-253
253,3,-1,"(9, 9)",-254
254,1,-1,"(9, 8)",-255
255,0,-1,"(9, 9)",-256
256,2,-1,"(10, 9)",-257
257,0,-1,"(10, 10)",-258
258,3,-1,"(9, 10)",-259
259,2,-1,"(10, 10)",-260
260,2,-1,"(11, 10)",-261
261,3,-1,"(10, 10)",-262
262,0,-1,"(10, 11)",-263
263,3,-1,"(9, 11)",-264
264,2,-1,"(10, 11)",-265
265,1,-1,"(10, 10)",-266
266,1,-1,"(10, 9)",-267
267,0,-1,"(10, 10)",-268
268,0,-1,"(10, 11)",-269
269,1,-1,"(10, 10)",-270
270,0,-1,"(10, 11)",-271
271,3,-1,"(9, 11)",-272
272,0,-1,"(9, 12)",-273
273,1,-1,"(9, 11)",-274
274,3,-1,"(8, 11)",-275
275,1,-1,"(8, 10)",-276
276,1,-1,"(8, 9)",-277
277,0,-1,"(8, 10)",-278
278,1,-1,"(8, 9)",-279
279,0,-1,"(8, 10)",-280
280,0,-1,"(8, 11)",-281
281,2,-1,"(9, 11)",-282
282,2,-1,"(10, 11)",-283
283,2,-1,"(11, 11)",-284
284,0,-1,"(11, 12)",-285
285,2,-1,"(12, 12)",-286
286,3,-1,"(11, 12)",-287
287,0,-1,"(11, 13)",-288
288,1,-1,"(11, 12)",-289
289,2,-1,"(12, 12)",-290
290,2,-1,"(13, 12)",-291
291,3,-1,"(12, 12)",-292
292,3,-1,"(11, 12)",-293
293,1,-1,"(11, 11)",-294
294,1,-1,"(11, 10)",-295
295,1,-1,"(11, 9)",-296
296,2,-1,"(12, 9)",-297
297,3,-1,"(11, 9)",-298
298,0,-1,"(11, 10)",-299
299,2,-1,"(12, 10)",-300
300,1,-1,"(12, 9)",-301
301,1,-1,"(12, 8)",-302
302,0,-1,"(12, 9)",-303
303,0,-1,"(12, 10)",-304
304,2,-1,"(13, 10)",-305
305,0,-1,"(13, 11)",-306
306,2,-1,"(14, 11)",-307
307,3,-1,"(13, 11)",-308
308,0,-1,"(13, 12)",-309
309,0,-1,"(13, 13)",-310
310,0,-1,"(13, 14)",-311
311,1,-1,"(13, 13)",-312
312,1,-1,"(13, 12)",-313
313,0,-1,"(13, 13)",-314
314,1,-1,"(13, 12)",-315
315,3,-1,"(12, 12)",-316
316,1,-1,"(12, 11)",-317
317,0,-1,"(12, 12)",-318
318,0,-1,"(12, 13)",-319
319,3,-1,"(11, 13)",-320
320,3,-1,"(10, 13)",-321
321,3,-1,"(9, 13)",-322
322,2,-1,"(10, 13)",-323
323,2,-1,"(11, 13)",-324
324,0,-1,"(11, 14)",-325
325,1,-1,"(11, 13)",-326
326,2,-1,"(12, 13)",-327
327,0,-1,"(12, 14)",-328
328,0,-1,"(12, 15)",-329
329,3,-1,"(11, 15)",-330
330,0,-1,"(11, 16)",-331
331,2,-1,"(12, 16)",-332
332,1,-1,"(12, 15)",-333
333,1,-1,"(12, 14)",-334
334,2,-1,"(13, 14)",-335
335,2,-1,"(14, 14)",-336
336,1,-1,"(14, 13)",-337
337,3,-1,"(13, 13)",-338
338,0,-1,"(13, 14)",-339
339,0,-1,"(13, 15)",-340
340,3,-1,"(12, 15)",-341
341,3,-1,"(11, 15)",-342
342,3,-1,"(10, 15)",-343
343,0,-1,"(10, 16)",-344
344,3,-1,"(9, 16)",-345
345,3,-1,"(8, 16)",-346
346,1,-1,"(8, 15)",-347
347,3,-1,"(7, 15)",-348
348,0,-1,"(7, 16)",-349
349,3,-1,"(6, 16)",-350
350,0,-1,"(6, 17)",-351
351,0,-1,"(6, 18)",-352
352,3,-1,"(5, 18)",-353
353,2,-1,"(6, 18)",-354
354,1,-1,"(6, 17)",-355
355,2,-1,"(7, 17)",-356
356,1,-1,"(7, 16)",-357
357,0,-1,"(7, 17)",-358
358,0,-1,"(7, 18)",-359
359,2,-1,"(8, 18)",-360
360,3,-1,"(7, 18)",-361
361,3,-1,"(6, 18)",-362
362,1,-1,"(6, 17)",-363
363,1,-1,"(6, 16)",-364
364,2,-1,"(7, 16)",-365
365,1,-1,"(7, 15)",-366
366,2,-1,"(8, 15)",-367
367,3,-1,"(7, 15)",-368
368,3,-1,"(6, 15)",-369
369,1,-1,"(6, 14)",-370
370,0,-1,"(6, 15)",-371
371,3,-1,"(5, 15)",-372
372,2,-1,"(6, 15)",-373
373,1,-1,"(6, 14)",-374
374,1,-1,"(6, 13)",-375
375,0,-1,"(6, 14)",-376
376,2,-1,"(7, 14)",-377
377,3,-1,"(6, 14)",-378
378,0,-1,"(6, 15)",-379
379,3,-1,"(5, 15)",-380
380,0,-1,"(5, 16)",-381
381,3,-1,"(4, 16)",-382
382,3,-1,"(3, 16)",-383
383,2,-1,"(4, 16)",-384
384,2,-1,"(5, 16)",-385
385,1,-1,"(5, 15)",-386
386,1,-1,"(5, 14)",-387
387,3,-1,"(4, 14)",-388
388,2,-1,"(5, 14)",-389
389,3,-1,"(4, 14)",-390
390,0,-1,"(4, 15)",-391
391,1,-1,"(4, 14)",-392
392,1,-1,"(4, 13)",-393
393,1,-1,"(4, 12)",-394
394,0,-1,"(4, 13)",-395
395,3,-1,"(3, 13)",-396
396,2,-1,"(4, 13)",-397
397,2,-1,"(5, 13)",-398
398,0,-1,"(5, 14)",-399
399,1,-1,"(5, 13)",-400
400,3,-1,"(4, 13)",-401
401,3,-1,"(3, 13)",-402
402,2,-1,"(4, 13)",-403
403,0,-1,"(4, 14)",-404
404,3,-1,"(3, 14)",-405
405,2,-1,"(4, 14)",-406
406,1,-1,"(4, 13)",-407
407,0,-1,"(4, 14)",-408
408,1,-1,"(4, 13)",-409
409,2,-1,"(5, 13)",-410
410,3,-1,"(4, 13)",-411
411,0,-1,"(4, 14)",-412
412,1,-1,"(4, 13)",-413
413,3,-1,"(3, 13)",-414
414,2,-1,"(4, 13)",-415
415,2,-1,"(5, 13)",-416
416,1,-1,"(5, 12)",-417
417,1,-1,"(5, 11)",-418
418,2,-1,"(6, 11)",-419
419,0,-1,"(6, 12)",-420
420,0,-1,"(6, 13)",-421
421,0,-1,"(6, 14)",-422
422,0,-1,"(6, 15)",-423
423,0,-1,"(6, 16)",-424
424,1,-1,"(6, 15)",-425
425,1,-1,"(6, 14)",-426
426,2,-1,"(7, 14)",-427
427,2,-1,"(8, 14)",-428
428,2,-1,"(9, 14)",-429
429,0,-1,"(9, 15)",-430
430,1,-1,"(9, 14)",-431
431,1,-1,"(9, 13)",-432
432,3,-1,"(8, 13)",-433
433,0,-1,"(8, 14)",-434
434,3,-1,"(7, 14)",-435
435,3,-1,"(6, 14)",-436
436,3,-1,"(5, 14)",-437
437,1,-1,"(5, 13)",-438
438,0,-1,"(5, 14)",-439
439,1,-1,"(5, 13)",-440
440,1,-1,"(5, 12)",-441
441,3,-1,"(4, 12)",-442
442,1,-1,"(4, 11)",-443
443,1,-1,"(4, 10)",-444
444,1,-1,"(4, 9)",-445
445,2,-1,"(5, 9)",-446
446,0,-1,"(5, 10)",-447
447,0,-1,"(5, 11)",-448
448,1,-1,"(5, 10)",-449
449,3,-1,"(4, 10)",-450
450,0,-1,"(4, 11)",-451
451,3,-1,"(3, 11)",-452
452,2,-1,"(4, 11)",-453
453,0,-1,"(4, 12)",-454
454,1,-1,"(4, 11)",-455
455,3,-1,"(3, 11)",-456
456,2,-1,"(4, 11)",-457
457,0,-1,"(4, 12)",-458
458,3,-1,"(3, 12)",-459
459,2,-1,"(4, 12)",-460
460,1,-1,"(4, 11)",-461
461,1,-1,"(4, 10)",-462
462,2,-1,"(5, 10)",-463
463,0,-1,"(5, 11)",-464
464,2,-1,"(6, 11)",-465
465,1,-1,"(6, 10)",-466
466,3,-1,"(5, 10)",-467
467,0,-1,"(5, 11)",-468
468,2,-1,"(6, 11)",-469
469,1,-1,"(6, 10)",-470
470,3,-1,"(5, 10)",-471
471,1,-1,"(5, 9)",-472
472,3,-1,"(4, 9)",-473
Step,Action,Reward,New State,Total Reward
0,0,-1,"(0, 1)",-1
1,0,-1,"(0, 2)",-2
2,0,-1,"(0, 3)",-3
3,0,-1,"(0, 4)",-4
4,0,-1,"(0, 5)",-5
5,0,-1,"(0, 6)",-6
6,0,-1,"(0, 7)",-7
7,0,-1,"(0, 8)",-8
8,0,-1,"(0, 9)",-9
9,2,-1,"(1, 9)",-10
10,2,-1,"(2, 9)",-11
11,2,-1,"(3, 9)",-12
12,2,-1,"(4, 9)",-13
13,3,-1,"(3, 9)",-14
14,2,-1,"(4, 9)",-15
15,0,-1,"(4, 10)",-16
16,1,-1,"(4, 9)",-17
17,0,-1,"(4, 10)",-18
18,0,-1,"(4, 11)",-19
19,2,-1,"(5, 11)",-20
20,0,-1,"(5, 12)",-21
21,1,-1,"(5, 11)",-22
22,2,-1,"(6, 11)",-23
23,0,-1,"(6, 12)",-24
24,0,-1,"(6, 13)",-25
25,3,-1,"(5, 13)",-26
26,0,-1,"(5, 14)",-27
27,0,-1,"(5, 15)",-28
28,0,-1,"(5, 16)",-29
29,1,-1,"(5, 15)",-30
30,2,-1,"(6, 15)",-31
31,1,-1,"(6, 14)",-32
32,0,-1,"(6, 15)",-33
33,1,-1,"(6, 14)",-34
34,0,-1,"(6, 15)",-35
35,0,-1,"(6, 16)",-36
36,1,-1,"(6, 15)",-37
37,0,-1,"(6, 16)",-38
38,2,-1,"(7, 16)",-39
39,2,-1,"(8, 16)",-40
40,1,-1,"(8, 15)",-41
41,3,-1,"(7, 15)",-42
42,0,-1,"(7, 16)",-43
43,2,-1,"(8, 16)",-44
44,1,-1,"(8, 15)",-45
45,0,-1,"(8, 16)",-46
46,0,-1,"(8, 17)",-47
47,0,-1,"(8, 18)",-48
48,2,-1,"(9, 18)",-49
49,1,-1,"(9, 17)",-50
50,1,-1,"(9, 16)",-51
51,0,-1,"(9, 17)",-52
52,3,-1,"(8, 17)",-53
53,0,-1,"(8, 18)",-54
54,3,-1,"(7, 18)",-55
55,2,-1,"(8, 18)",-56
56,1,-1,"(8, 17)",-57
57,2,-1,"(9, 17)",-58
58,1,-1,"(9, 16)",-59
59,3,-1,"(8, 16)",-60
60,1,-1,"(8, 15)",-61
61,3,-1,"(7, 15)",-62
62,0,-1,"(7, 16)",-63
63,3,-1,"(6, 16)",-64
64,2,-1,"(7, 16)",-65
65,3,-1,"(6, 16)",-66
66,0,-1,"(6, 17)",-67
67,2,-1,"(7, 17)",-68
68,2,-1,"(8, 17)",-69
69,2,-1,"(9, 17)",-70
70,1,-1,"(9, 16)",-71
71,1,-1,"(9, 15)",-72
72,1,-1,"(9, 14)",-73
73,1,-1,"(9, 13)",-74
74,3,-1,"(8, 13)",-75
75,3,-1,"(7, 13)",-76
76,3,-1,"(6, 13)",-77
77,0,-1,"(6, 14)",-78
78,2,-1,"(7, 14)",-79
79,1,-1,"(7, 13)",-80
80,3,-1,"(6, 13)",-81
81,1,-1,"(6, 12)",-82
82,0,-1,"(6, 13)",-83
83,1,-1,"(6, 12)",-84
84,0,-1,"(6, 13)",-85
85,2,-1,"(7, 13)",-86
86,0,-1,"(7, 14)",-87
87,1,-1,"(7, 13)",-88
88,2,-1,"(8, 13)",-89
89,0,-1,"(8, 14)",-90
90,3,-1,"(7, 14)",-91
91,1,-1,"(7, 13)",-92
92,3,-1,"(6, 13)",-93
93,3,-1,"(5, 13)",-94
94,3,-1,"(4, 13)",-95
95,2,-1,"(5, 13)",-96
96,2,-1,"(6, 13)",-97
97,2,-1,"(7, 13)",-98
98,0,-1,"(7, 14)",-99
99,0,-1,"(7, 15)",-100
100,1,-1,"(7, 14)",-101
101,1,-1,"(7, 13)",-102
102,3,-1,"(6, 13)",-103
103,0,-1,"(6, 14)",-104
104,1,-1,"(6, 13)",-105
105,1,-1,"(6, 12)",-106
106,2,-1,"(7, 12)",-107
107,2,-1,"(8, 12)",-108
108,1,-1,"(8, 11)",-109
109,3,-1,"(7, 11)",-110
110,3,-1,"(6, 11)",-111
111,0,-1,"(6, 12)",-112
112,0,-1,"(6, 13)",-113
113,0,-1,"(6, 14)",-114
114,0,-1,"(6, 15)",-115
115,1,-1,"(6, 14)",-116
116,3,-1,"(5, 14)",-117
117,0,-1,"(5, 15)",-118
118,2,-1,"(6, 15)",-119
119,0,-1,"(6, 16)",-120
120,0,-1,"(6, 17)",-121
121,3,-1,"(5, 17)",-122
122,0,-1,"(5, 18)",-123
123,0,-1,"(5, 19)",-124
124,1,-1,"(5, 18)",-125
125,2,-1,"(6, 18)",-126
126,3,-1,"(5, 18)",-127
127,3,-1,"(4, 18)",-128
128,1,-1,"(4, 17)",-129
129,0,-1,"(4, 18)",-130
130,1,-1,"(4, 17)",-131
131,0,-1,"(4, 18)",-132
132,2,-1,"(5, 18)",-133
133,3,-1,"(4, 18)",-134
134,0,-1,"(4, 19)",-135
135,1,-1,"(4, 18)",-136
136,1,-1,"(4, 17)",-137
137,2,-1,"(5, 17)",-138
138,1,-1,"(5, 16)",-139
139,1,-1,"(5, 15)",-140
140,1,-1,"(5, 14)",-141
141,0,-1,"(5, 15)",-142
142,3,-1,"(4, 15)",-143
143,3,-1,"(3, 15)",-144
144,2,-1,"(4, 15)",-145
145,2,-1,"(5, 15)",-146
146,2,-1,"(6, 15)",-147
147,3,-1,"(5, 15)",-148
148,0,-1,"(5, 16)",-149
149,3,-1,"(4, 16)",-150
150,3,-1,"(3, 16)",-151
151,2,-1,"(4, 16)",-152
152,3,-1,"(3, 16)",-153
153,2,-1,"(4, 16)",-154
154,2,-1,"(5, 16)",-155
155,1,-1,"(5, 15)",-156
156,3,-1,"(4, 15)",-157
157,1,-1,"(4, 14)",-158
158,1,-1,"(4, 13)",-159
159,0,-1,"(4, 14)",-160
160,3,-1,"(3, 14)",-161
161,2,-1,"(4, 14)",-162
162,2,-1,"(5, 14)",-163
163,3,-1,"(4, 14)",-164
164,2,-1,"(5, 14)",-165
165,2,-1,"(6, 14)",-166
166,0,-1,"(6, 15)",-167
167,2,-1,"(7, 15)",-168
168,0,-1,"(7, 16)",-169
169,1,-1,"(7, 15)",-170
170,0,-1,"(7, 16)",-171
171,0,-1,"(7, 17)",-172
172,3,-1,"(6, 17)",-173
173,2,-1,"(7, 17)",-174
174,1,-1,"(7, 16)",-175
175,1,-1,"(7, 15)",-176
176,0,-1,"(7, 16)",-177
177,1,-1,"(7, 15)",-178
178,0,-1,"(7, 16)",-179
179,2,-1,"(8, 16)",-180
180,3,-1,"(7, 16)",-181
181,3,-1,"(6, 16)",-182
182,1,-1,"(6, 15)",-183
183,2,-1,"(7, 15)",-184
184,2,-1,"(8, 15)",-185
185,0,-1,"(8, 16)",-186
186,1,-1,"(8, 15)",-187
187,1,-1,"(8, 14)",-188
188,2,-1,"(9, 14)",-189
189,3,-1,"(8, 14)",-190
190,3,-1,"(7, 14)",-191
191,0,-1,"(7, 15)",-192
192,3,-1,"(6, 15)",-193
193,0,-1,"(6, 16)",-194
194,1,-1,"(6, 15)",-195
195,2,-1,"(7, 15)",-196
196,2,-1,"(8, 15)",-197
197,0,-1,"(8, 16)",-198
198,2,-1,"(9, 16)",-199
199,0,-1,"(9, 17)",-200
200,0,-1,"(9, 18)",-201
201,2,-1,"(10, 18)",-202
202,2,-1,"(11, 18)",-203
203,2,-1,"(12, 18)",-204
204,2,-1,"(13, 18)",-205
205,2,-1,"(14, 18)",-206
206,0,-1,"(14, 19)",-207
207,0,-1,"(14, 20)",-208
208,3,-1,"(13, 20)",-209
209,2,-1,"(14, 20)",-210
210,3,-1,"(13, 20)",-211
211,3,-1,"(12, 20)",-212
212,0,-1,"(12, 21)",-213
213,0,-1,"(12, 22)",-214
214,0,-1,"(12, 23)",-215
215,1,-1,"(12, 22)",-216
216,1,-1,"(12, 21)",-217
217,0,-1,"(12, 22)",-218
218,1,-1,"(12, 21)",-219
219,0,-1,"(12, 22)",-220
220,0,-1,"(12, 23)",-221
221,1,-1,"(12, 22)",-222
222,3,-1,"(11, 22)",-223
223,1,-1,"(11, 21)",-224
224,1,-1,"(11, 20)",-225
225,2,-1,"(12, 20)",-226
226,3,-1,"(11, 20)",-227
227,0,-1,"(11, 21)",-228
228,1,-1,"(11, 20)",-229
229,3,-1,"(10, 20)",-230
230,0,-1,"(10, 21)",-231
231,3,-1,"(9, 21)",-232
232,1,-1,"(9, 20)",-233
233,1,-1,"(9, 19)",-234
234,2,-1,"(10, 19)",-235
235,0,-1,"(10, 20)",-236
236,0,-1,"(10, 21)",-237
237,1,-1,"(10, 20)",-238
238,0,-1,"(10, 21)",-239
239,2,-1,"(11, 21)",-240
240,0,-1,"(11, 22)",-241
241,2,-1,"(12, 22)",-242
242,0,-1,"(12, 23)",-243
243,2,-1,"(13, 23)",-244
244,0,-1,"(13, 24)",-245
245,1,-1,"(13, 23)",-246
246,0,-1,"(13, 24)",-247
247,0,-1,"(13, 25)",-248
248,2,-1,"(14, 25)",-249
249,2,-1,"(15, 25)",-250
250,0,-1,"(15, 26)",-251
251,1,-1,"(15, 25)",-252
252,2,-1,"(16, 25)",-253
253,1,-1,"(16, 24)",-254
254,1,-1,"(16, 23)",-255
255,1,-1,"(16, 22)",-256
256,2,-1,"(17, 22)",-257
257,1,-1,"(17, 21)",-258
258,0,-1,"(17, 22)",-259
259,3,-1,"(16, 22)",-260
260,2,-1,"(17, 22)",-261
261,0,-1,"(17, 23)",-262
262,2,-1,"(18, 23)",-263
263,3,-1,"(17, 23)",-264
264,0,-1,"(17, 24)",-265
265,3,-1,"(16, 24)",-266
266,0,-1,"(16, 25)",-267
267,3,-1,"(15, 25)",-268
268,1,-1,"(15, 24)",-269
269,0,-1,"(15, 25)",-270
270,2,-1,"(16, 25)",-271
271,1,-1,"(16, 24)",-272
272,1,-1,"(16, 23)",-273
273,3,-1,"(15, 23)",-274
274,1,-1,"(15, 22)",-275
275,0,-1,"(15, 23)",-276
276,1,-1,"(15, 22)",-277
277,3,-1,"(14, 22)",-278
278,0,-1,"(14, 23)",-279
279,0,-1,"(14, 24)",-280
280,0,-1,"(14, 25)",-281
281,1,-1,"(14, 24)",-282
282,2,-1,"(15, 24)",-283
283,1,-1,"(15, 23)",-284
284,0,-1,"(15, 24)",-285
285,3,-1,"(14, 24)",-286
286,2,-1,"(15, 24)",-287
287,1,-1,"(15, 23)",-288
288,3,-1,"(14, 23)",-289
289,0,-1,"(14, 24)",-290
290,3,-1,"(13, 24)",-291
291,2,-1,"(14, 24)",-292
292,1,-1,"(14, 23)",-293
293,3,-1,"(13, 23)",-294
294,3,-1,"(12, 23)",-295
295,0,-1,"(12, 24)",-296
296,1,-1,"(12, 23)",-297
297,2,-1,"(13, 23)",-298
298,0,-1,"(13, 24)",-299
299,1,-1,"(13, 23)",-300
300,3,-1,"(12, 23)",-301
301,0,-1,"(12, 24)",-302
302,1,-1,"(12, 23)",-303
303,0,-1,"(12, 24)",-304
304,1,-1,"(12, 23)",-305
305,1,-1,"(12, 22)",-306
306,2,-1,"(13, 22)",-307
307,0,-1,"(13, 23)",-308
308,1,-1,"(13, 22)",-309
309,3,-1,"(12, 22)",-310
310,0,-1,"(12, 23)",-311
311,1,-1,"(12, 22)",-312
312,1,-1,"(12, 21)",-313
313,3,-1,"(11, 21)",-314
314,1,-1,"(11, 20)",-315
315,3,-1,"(10, 20)",-316
316,3,-1,"(9, 20)",-317
317,2,-1,"(10, 20)",-318
318,2,-1,"(11, 20)",-319
319,0,-1,"(11, 21)",-320
320,3,-1,"(10, 21)",-321
321,1,-1,"(10, 20)",-322
322,2,-1,"(11, 20)",-323
323,2,-1,"(12, 20)",-324
324,1,-1,"(12, 19)",-325
325,0,-1,"(12, 20)",-326
326,0,-1,"(12, 21)",-327
327,0,-1,"(12, 22)",-328
328,0,-1,"(12, 23)",-329
329,0,-1,"(12, 24)",-330
330,1,-1,"(12, 23)",-331
331,0,-1,"(12, 24)",-332
332,2,-1,"(13, 24)",-333
333,2,-1,"(14, 24)",-334
334,3,-1,"(13, 24)",-335
335,3,-1,"(12, 24)",-336
336,2,-1,"(13, 24)",-337
337,3,-1,"(12, 24)",-338
338,2,-1,"(13, 24)",-339
339,1,-1,"(13, 23)",-340
340,0,-1,"(13, 24)",-341
341,3,-1,"(12, 24)",-342
342,2,-1,"(13, 24)",-343
343,2,-1,"(14, 24)",-344
344,1,-1,"(14, 23)",-345
345,3,-1,"(13, 23)",-346
346,1,-1,"(13, 22)",-347
347,3,-1,"(12, 22)",-348
348,2,-1,"(13, 22)",-349
349,3,-1,"(12, 22)",-350
350,0,-1,"(12, 23)",-351
351,1,-1,"(12, 22)",-352
352,3,-1,"(11, 22)",-353
353,1,-1,"(11, 21)",-354
354,2,-1,"(12, 21)",-355
355,1,-1,"(12, 20)",-356
356,0,-1,"(12, 21)",-357
357,0,-1,"(12, 22)",-358
358,1,-1,"(12, 21)",-359
359,2,-1,"(13, 21)",-360
360,3,-1,"(12, 21)",-361
361,3,-1,"(11, 21)",-362
362,1,-1,"(11, 20)",-363
363,0,-1,"(11, 21)",-364
364,0,-1,"(11, 22)",-365
365,3,-1,"(10, 22)",-366
366,1,-1,"(10, 21)",-367
367,2,-1,"(11, 21)",-368
368,3,-1,"(10, 21)",-369
369,2,-1,"(11, 21)",-370
370,0,-1,"(11, 22)",-371
371,3,-1,"(10, 22)",-372
372,2,-1,"(11, 22)",-373
373,2,-1,"(12, 22)",-374
374,3,-1,"(11, 22)",-375
375,2,-1,"(12, 22)",-376
376,1,-1,"(12, 21)",-377
377,0,-1,"(12, 22)",-378
378,0,-1,"(12, 23)",-379
379,3,-1,"(11, 23)",-380
380,3,-1,"(10, 23)",-381
381,2,-1,"(11, 23)",-382
382,2,-1,"(12, 23)",-383
383,1,-1,"(12, 22)",-384
384,2,-1,"(13, 22)",-385
385,2,-1,"(14, 22)",-386
386,2,-1,"(15, 22)",-387
387,0,-1,"(15, 23)",-388
388,1,-1,"(15, 22)",-389
389,1,-1,"(15, 21)",-390
390,1,-1,"(15, 20)",-391
391,1,-1,"(15, 19)",-392
392,1,-1,"(15, 18)",-393
393,3,-1,"(14, 18)",-394
394,2,-1,"(15, 18)",-395
395,0,-1,"(15, 19)",-396
396,2,-1,"(16, 19)",-397
397,1,-1,"(16, 18)",-398
398,1,-1,"(16, 17)",-399
399,1,-1,"(16, 16)",-400
400,0,-1,"(16, 17)",-401
401,3,-1,"(15, 17)",-402
402,3,-1,"(14, 17)",-403
403,3,-1,"(13, 17)",-404
404,3,-1,"(12, 17)",-405
405,0,-1,"(12, 18)",-406
406,3,-1,"(11, 18)",-407
407,1,-1,"(11, 17)",-408
408,3,-1,"(10, 17)",-409
409,3,-1,"(9, 17)",-410
410,1,-1,"(9, 16)",-411
411,1,-1,"(9, 15)",-412
412,2,-1,"(10, 15)",-413
413,0,-1,"(10, 16)",-414
414,2,-1,"(11, 16)",-415
415,1,-1,"(11, 15)",-416
416,3,-1,"(10, 15)",-417
417,1,-1,"(10, 14)",-418
418,1,-1,"(10, 13)",-419
419,1,-1,"(10, 12)",-420
420,0,-1,"(10, 13)",-421
421,0,-1,"(10, 14)",-422
422,3,-1,"(9, 14)",-423
423,0,-1,"(9, 15)",-424
424,0,-1,"(9, 16)",-425
425,1,-1,"(9, 15)",-426
426,3,-1,"(8, 15)",-427
427,3,-1,"(7, 15)",-428
428,3,-1,"(6, 15)",-429
429,2,-1,"(7, 15)",-430
430,3,-1,"(6, 15)",-431
431,1,-1,"(6, 14)",-432
432,1,-1,"(6, 13)",-433
433,2,-1,"(7, 13)",-434
434,1,-1,"(7, 12)",-435
435,3,-1,"(6, 12)",-436
436,0,-1,"(6, 13)",-437
437,2,-1,"(7, 13)",-438
438,2,-1,"(8, 13)",-439
439,1,-1,"(8, 12)",-440
440,0,-1,"(8, 13)",-441
441,1,-1,"(8, 12)",-442
442,3,-1,"(7, 12)",-443
443,0,-1,"(7, 13)",-444
444,2,-1,"(8, 13)",-445
445,2,-1,"(9, 13)",-446
446,2,-1,"(10, 13)",-447
447,3,-1,"(9, 13)",-448
448,1,-1,"(9, 12)",-449
449,2,-1,"(10, 12)",-450
450,1,-1,"(10, 11)",-451
451,0,-1,"(10, 12)",-452
452,2,-1,"(11, 12)",-453
453,0,-1,"(11, 13)",-454
454,1,-1,"(11, 12)",-455
455,1,-1,"(11, 11)",-456
456,1,-1,"(11, 10)",-457
457,0,-1,"(11, 11)",-458
458,2,-1,"(12, 11)",-459
459,3,-1,"(11, 11)",-460
460,1,-1,"(11, 10)",-461
461,2,-1,"(12, 10)",-462
462,2,-1,"(13, 10)",-463
463,1,-1,"(13, 9)",-464
464,2,-1,"(14, 9)",-465
465,1,-1,"(14, 8)",-466
466,0,-1,"(14, 9)",-467
467,3,-1,"(13, 9)",-468
468,0,-1,"(13, 10)",-469
469,3,-1,"(12, 10)",-470
470,1,-1,"(12, 9)",-471
471,3,-1,"(11, 9)",-472
472,3,-1,"(10, 9)",-473
473,1,-1,"(10, 8)",-474
474,0,-1,"(10, 9)",-475
475,1,-1,"(10, 8)",-476
476,0,-1,"(10, 9)",-477
477,0,-1,"(10, 10)",-478
478,3,-1,"(9, 10)",-479
479,0,-1,"(9, 11)",-480
480,2,-1,"(10, 11)",-481
481,2,-1,"(11, 11)",-482
482,0,-1,"(11, 12)",-483
483,1,-1,"(11, 11)",-484
484,3,-1,"(10, 11)",-485
485,2,-1,"(11, 11)",-486
486,1,-1,"(11, 10)",-487
487,1,-1,"(11, 9)",-488
488,0,-1,"(11, 10)",-489
489,1,-1,"(11, 9)",-490
490,1,-1,"(11, 8)",-491
491,0,-1,"(11, 9)",-492
492,0,-1,"(11, 10)",-493
493,2,-1,"(12, 10)",-494
494,2,-1,"(13, 10)",-495
495,0,-1,"(13, 11)",-496
496,0,-1,"(13, 12)",-497
497,1,-1,"(13, 11)",-498
498,1,-1,"(13, 10)",-499
499,0,-1,"(13, 11)",-500
500,2,-1,"(14, 11)",-501
501,3,-1,"(13, 11)",-502
502,3,-1,"(12, 11)",-503
503,3,-1,"(11, 11)",-504
504,2,-1,"(12, 11)",-505
505,0,-1,"(12, 12)",-506
506,3,-1,"(11, 12)",-507
507,3,-1,"(10, 12)",-508
508,3,-1,"(9, 12)",-509
509,2,-1,"(10, 12)",-510
510,1,-1,"(10, 11)",-511
511,1,-1,"(10, 10)",-512
512,1,-1,"(10, 9)",-513
513,1,-1,"(10, 8)",-514
514,0,-1,"(10, 9)",-515
515,0,-1,"(10, 10)",-516
516,3,-1,"(9, 10)",-517
517,2,-1,"(10, 10)",-518
518,0,-1,"(10, 11)",-519
519,2,-1,"(11, 11)",-520
520,3,-1,"(10, 11)",-521
521,2,-1,"(11, 11)",-522
522,2,-1,"(12, 11)",-523
523,0,-1,"(12, 12)",-524
524,3,-1,"(11, 12)",-525
525,1,-1,"(11, 11)",-526
526,3,-1,"(10, 11)",-527
527,2,-1,"(11, 11)",-528
528,2,-1,"(12, 11)",-529
529,3,-1,"(11, 11)",-530
530,1,-1,"(11, 10)",-531
531,0,-1,"(11, 11)",-532
532,2,-1,"(12, 11)",-533
533,3,-1,"(11, 11)",-534
534,1,-1,"(11, 10)",-535
535,2,-1,"(12, 10)",-536
536,3,-1,"(11, 10)",-537
537,0,-1,"(11, 11)",-538
538,1,-1,"(11, 10)",-539
539,2,-1,"(12, 10)",-540
540,3,-1,"(11, 10)",-541
541,3,-1,"(10, 10)",-542
542,1,-1,"(10, 9)",-543
543,3,-1,"(9, 9)",-544
544,3,-1,"(8, 9)",-545
545,3,-1,"(7, 9)",-546
546,0,-1,"(7, 10)",-547
547,0,-1,"(7, 11)",-548
548,0,-1,"(7, 12)",-549
549,0,-1,"(7, 13)",-550
550,3,-1,"(6, 13)",-551
551,1,-1,"(6, 12)",-552
552,1,-1,"(6, 11)",-553
553,1,-1,"(6, 10)",-554
554,3,-1,"(5, 10)",-555
555,2,-1,"(6, 10)",-556
556,3,-1,"(5, 10)",-557
557,1,-1,"(5, 9)",-558
558,2,-1,"(6, 9)",-559
559,0,-1,"(6, 10)",-560
560,1,-1,"(6, 9)",-561
561,1,-1,"(6, 8)",-562
562,0,-1,"(6, 9)",-563
563,2,-1,"(7, 9)",-564
564,1,-1,"(7, 8)",-565
565,0,-1,"(7, 9)",-566
566,3,-1,"(6, 9)",-567
567,3,-1,"(5, 9)",-568
568,2,-1,"(6, 9)",-569
569,3,-1,"(5, 9)",-570
570,1,-1,"(5, 8)",-571
571,0,-1,"(5, 9)",-572
572,0,-1,"(5, 10)",-573
573,2,-1,"(6, 10)",-574
574,0,-1,"(6, 11)",-575
575,3,-1,"(5, 11)",-576
576,0,-1,"(5, 12)",-577
577,0,-1,"(5, 13)",-578
578,0,-1,"(5, 14)",-579
579,2,-1,"(6, 14)",-580
580,0,-1,"(6, 15)",-581
581,3,-1,"(5, 15)",-582
582,3,-1,"(4, 15)",-583
583,0,-1,"(4, 16)",-584
584,3,-1,"(3, 16)",-585
585,2,-1,"(4, 16)",-586
586,1,-1,"(4, 15)",-587
587,1,-1,"(4, 14)",-588
588,0,-1,"(4, 15)",-589
589,2,-1,"(5, 15)",-590
590,1,-1,"(5, 14)",-591
591,0,-1,"(5, 15)",-592
592,2,-1,"(6, 15)",-593
593,2,-1,"(7, 15)",-594
594,3,-1,"(6, 15)",-595
595,0,-1,"(6, 16)",-596
596,1,-1,"(6, 15)",-597
597,0,-1,"(6, 16)",-598
598,3,-1,"(5, 16)",-599
599,0,-1,"(5, 17)",-600
